{"cameraMode":{"drawMode":0,"name":"Shaded","section":"Shading Mode"},"sceneLighting":false,"audioPlay":false,"sceneViewState":{"m_AlwaysRefresh":false,"showFog":true,"showSkybox":false,"showFlares":true,"showImageEffects":true,"showParticleSystems":true,"showVisualEffectGraphs":true,"m_FxEnabled":true},"in2DMode":false,"pivot":{"x":12.214760780334473,"y":5.460870742797852,"z":-10.757965087890625},"rotation":{"x":0.18890774250030518,"y":0.23776337504386903,"z":-0.04501223564147949,"w":0.9523676633834839},"size":1.414208173751831,"orthographic":false}