{"cameraMode":{"drawMode":0,"name":"Shaded","section":"Shading Mode"},"sceneLighting":false,"audioPlay":false,"sceneViewState":{"m_AlwaysRefresh":false,"showFog":true,"showSkybox":false,"showFlares":true,"showImageEffects":true,"showParticleSystems":true,"showVisualEffectGraphs":true,"m_FxEnabled":true},"in2DMode":false,"pivot":{"x":-0.8875250220298767,"y":1.4311213493347169,"z":0.583978533744812},"rotation":{"x":-0.002963464241474867,"y":-0.9822216033935547,"z":-0.015919214114546777,"w":0.18729019165039063},"size":1.8646444082260132,"orthographic":false}