{"cameraMode":{"drawMode":0,"name":"Shaded","section":"Shading Mode"},"sceneLighting":false,"audioPlay":false,"sceneViewState":{"m_AlwaysRefresh":false,"showFog":true,"showSkybox":false,"showFlares":true,"showImageEffects":true,"showParticleSystems":true,"showVisualEffectGraphs":true,"m_FxEnabled":true},"in2DMode":false,"pivot":{"x":-10.500000953674317,"y":1.874999761581421,"z":0.5000002384185791},"rotation":{"x":0.008226902224123478,"y":-0.5961607694625855,"z":-0.006018043961375952,"w":-0.8028602600097656},"size":2.4526784420013429,"orthographic":false}