{"cameraMode":{"drawMode":0,"name":"Shaded","section":"Shading Mode"},"sceneLighting":false,"audioPlay":false,"sceneViewState":{"m_AlwaysRefresh":false,"showFog":true,"showSkybox":false,"showFlares":true,"showImageEffects":true,"showParticleSystems":true,"showVisualEffectGraphs":true,"m_FxEnabled":true},"in2DMode":false,"pivot":{"x":3.0000014305114748,"y":3.375000238418579,"z":3.000000476837158},"rotation":{"x":0.008226902224123478,"y":-0.5961607694625855,"z":-0.006018043961375952,"w":-0.8028602600097656},"size":4.259182929992676,"orthographic":false}