{"cameraMode":{"drawMode":0,"name":"Shaded","section":"Shading Mode"},"sceneLighting":false,"audioPlay":false,"sceneViewState":{"m_AlwaysRefresh":false,"showFog":true,"showSkybox":false,"showFlares":true,"showImageEffects":true,"showParticleSystems":true,"showVisualEffectGraphs":true,"m_FxEnabled":true},"in2DMode":false,"pivot":{"x":1.494014024734497,"y":1.5002319812774659,"z":-1.5217111110687256},"rotation":{"x":0.008226902224123478,"y":-0.5961607694625855,"z":-0.006018043961375952,"w":-0.8028602600097656},"size":2.6303510665893556,"orthographic":false}