{"cameraMode":{"drawMode":0,"name":"Shaded","section":"Shading Mode"},"sceneLighting":false,"audioPlay":false,"sceneViewState":{"m_AlwaysRefresh":false,"showFog":true,"showSkybox":false,"showFlares":true,"showImageEffects":true,"showParticleSystems":true,"showVisualEffectGraphs":true,"m_FxEnabled":true},"in2DMode":false,"pivot":{"x":-1.4999995231628419,"y":3.7499990463256838,"z":1.5000009536743165},"rotation":{"x":0.008226902224123478,"y":-0.5961607694625855,"z":-0.006018043961375952,"w":-0.8028602600097656},"size":2.1213462352752687,"orthographic":false}